{
	"class_name" : "PinholeCameraParameters",
	"extrinsic" : 
	[
		0.99807249138077792,
		-0.048412608891135432,
		0.038826810959968178,
		0.0,
		-0.047610347167146468,
		-0.9986382544977741,
		-0.021328185489225032,
		0.0,
		0.039806491827225107,
		0.019438517278664927,
		-0.99901831177131895,
		0.0,
		2.2743122484794625,
		7.7930246233844773,
		95.861815169765748,
		1.0
	],
	"intrinsic" : 
	{
		"height" : 997,
		"intrinsic_matrix" : 
		[
			863.42732757308534,
			0.0,
			0.0,
			0.0,
			863.42732757308534,
			0.0,
			953.5,
			498.0,
			1.0
		],
		"width" : 1908
	},
	"version_major" : 1,
	"version_minor" : 0
}