{
	"class_name" : "PinholeCameraParameters",
	"extrinsic" : 
	[
		0.99998187933837079,
		0.00045881355667951637,
		0.0060025398807904947,
		0.0,
		0.0011031467751699366,
		-0.99417356600972706,
		-0.1077854522405292,
		0.0,
		0.0059181130517003012,
		0.10779012077933288,
		-0.99415605706563215,
		0.0,
		-16.82638305005165,
		-0.036359740151370445,
		105.75716676629284,
		1.0
	],
	"intrinsic" : 
	{
		"height" : 1080,
		"intrinsic_matrix" : 
		[
			935.30743608719376,
			0.0,
			0.0,
			0.0,
			935.30743608719376,
			0.0,
			959.5,
			539.5,
			1.0
		],
		"width" : 1920
	},
	"version_major" : 1,
	"version_minor" : 0
}